timestamp,machine_id,vibration,humidity,temperature,failure
2025-04-01 00:00:00,M018,0.58,61.1,44.0,0
2025-04-01 00:01:00,M009,0.41,39.3,45.6,0
2025-04-01 00:02:00,M018,0.64,45.1,23.6,0
2025-04-01 00:03:00,M010,0.85,58.1,41.6,0
2025-04-01 00:04:00,M018,0.58,33.4,39.5,0
2025-04-01 00:05:00,M018,0.58,62.3,45.7,0
2025-04-01 00:06:00,M013,0.6,35.2,25.0,0
2025-04-01 00:07:00,M005,0.31,64.0,44.0,0
2025-04-01 00:08:00,M006,0.43,32.5,39.1,0
2025-04-01 00:09:00,M013,0.39,49.3,44.3,0
2025-04-01 00:10:00,M011,0.53,41.4,49.5,0
2025-04-01 00:11:00,M004,0.45,30.9,32.5,0
2025-04-01 00:12:00,M018,0.56,63.0,48.9,0
2025-04-01 00:13:00,M003,0.54,65.9,31.6,0
2025-04-01 00:14:00,M010,0.31,66.6,45.0,0
2025-04-01 00:15:00,M001,0.52,31.7,46.7,0
2025-04-01 00:16:00,M010,0.28,47.7,39.4,0
2025-04-01 00:17:00,M019,0.53,63.8,26.0,0
2025-04-01 00:18:00,M004,0.41,36.0,37.1,0
2025-04-01 00:19:00,M019,0.54,39.2,32.5,0
2025-04-01 00:20:00,M012,0.75,36.3,20.7,0
2025-04-01 00:21:00,M005,0.47,62.3,36.7,0
2025-04-01 00:22:00,M012,0.41,56.8,22.2,0
2025-04-01 00:23:00,M015,0.29,48.6,28.0,0
2025-04-01 00:24:00,M011,1.18,48.5,37.2,0
2025-04-01 00:25:00,M012,0.8,45.4,37.8,0
2025-04-01 00:26:00,M005,0.36,47.2,28.7,0
2025-04-01 00:27:00,M013,0.63,40.4,43.7,0
2025-04-01 00:28:00,M007,0.63,34.5,35.1,0
2025-04-01 00:29:00,M007,0.39,60.0,24.5,0
2025-04-01 00:30:00,M006,0.53,65.6,31.8,0
2025-04-01 00:31:00,M014,0.34,60.0,29.8,0
2025-04-01 00:32:00,M011,0.92,56.4,26.4,0
2025-04-01 00:33:00,M006,0.66,31.3,29.9,0
2025-04-01 00:34:00,M001,0.49,47.6,34.6,0
2025-04-01 00:35:00,M019,0.69,41.2,24.1,0
2025-04-01 00:36:00,M011,0.42,48.9,24.5,0
2025-04-01 00:37:00,M007,0.46,47.3,32.5,0
2025-04-01 00:38:00,M020,0.49,40.4,38.9,0
2025-04-01 00:39:00,M014,0.67,61.0,24.9,0
2025-04-01 00:40:00,M013,0.45,62.4,41.8,0
2025-04-01 00:41:00,M016,0.34,63.3,24.6,0
2025-04-01 00:42:00,M019,0.24,33.1,40.8,0
2025-04-01 00:43:00,M017,0.72,68.0,44.3,0
2025-04-01 00:44:00,M004,0.63,32.6,20.4,0
2025-04-01 00:45:00,M019,0.43,48.2,46.7,0
2025-04-01 00:46:00,M009,0.76,34.9,26.2,0
2025-04-01 00:47:00,M019,0.62,45.8,25.7,0
2025-04-01 00:48:00,M017,0.71,36.2,39.2,0
2025-04-01 00:49:00,M007,0.67,67.8,24.2,0
2025-04-01 00:50:00,M006,0.62,35.1,39.1,0
2025-04-01 00:51:00,M012,0.68,39.3,29.1,0
2025-04-01 00:52:00,M015,0.34,66.6,24.9,0
2025-04-01 00:53:00,M006,0.19,39.5,39.4,0
2025-04-01 00:54:00,M018,0.75,56.2,41.2,0
2025-04-01 00:55:00,M016,0.31,51.0,20.1,0
2025-04-01 00:56:00,M001,0.7,57.6,48.8,0
2025-04-01 00:57:00,M006,0.35,53.0,35.5,0
2025-04-01 00:58:00,M007,1.05,57.2,24.5,0
2025-04-01 00:59:00,M008,0.5,60.8,21.2,0
2025-04-01 01:00:00,M009,0.65,59.0,23.3,0
2025-04-01 01:01:00,M020,0.61,32.2,39.3,0
2025-04-01 01:02:00,M005,0.34,64.3,22.8,0
2025-04-01 01:03:00,M011,0.58,65.9,48.2,0
2025-04-01 01:04:00,M016,0.56,55.4,49.4,1
2025-04-01 01:05:00,M001,0.25,65.4,27.7,0
2025-04-01 01:06:00,M017,0.57,47.9,42.3,0
2025-04-01 01:07:00,M002,0.32,68.2,49.3,0
2025-04-01 01:08:00,M020,0.36,38.8,33.3,0
2025-04-01 01:09:00,M002,0.55,42.0,28.9,0
2025-04-01 01:10:00,M020,0.45,61.2,41.0,0
2025-04-01 01:11:00,M011,0.32,31.9,21.6,0
2025-04-01 01:12:00,M010,0.1,45.1,49.9,0
2025-04-01 01:13:00,M014,0.31,49.7,20.8,0
2025-04-01 01:14:00,M010,0.4,45.9,28.3,0
2025-04-01 01:15:00,M018,0.34,39.2,22.3,0
2025-04-01 01:16:00,M010,0.37,67.1,37.1,0
2025-04-01 01:17:00,M011,0.42,36.4,48.1,0
2025-04-01 01:18:00,M018,0.47,65.0,30.7,0
2025-04-01 01:19:00,M017,0.69,40.6,21.4,1
2025-04-01 01:20:00,M013,0.47,30.2,49.6,0
2025-04-01 01:21:00,M016,0.79,31.0,42.9,0
2025-04-01 01:22:00,M020,0.4,32.2,21.7,0
2025-04-01 01:23:00,M020,0.64,52.3,28.2,0
2025-04-01 01:24:00,M005,0.71,63.6,24.0,0
2025-04-01 01:25:00,M001,0.19,41.8,32.9,0
2025-04-01 01:26:00,M016,0.58,50.3,45.8,0
2025-04-01 01:27:00,M011,0.46,42.2,29.6,0
2025-04-01 01:28:00,M011,0.3,69.9,44.4,0
2025-04-01 01:29:00,M017,0.5,60.2,21.7,0
2025-04-01 01:30:00,M007,0.66,43.5,35.4,0
2025-04-01 01:31:00,M008,0.44,40.7,31.6,0
2025-04-01 01:32:00,M018,0.39,41.9,32.6,0
2025-04-01 01:33:00,M005,0.55,65.2,33.6,0
2025-04-01 01:34:00,M005,0.62,61.9,35.3,0
2025-04-01 01:35:00,M007,0.38,34.0,24.4,0
2025-04-01 01:36:00,M012,0.42,38.5,31.0,0
2025-04-01 01:37:00,M012,0.43,35.3,23.0,0
2025-04-01 01:38:00,M005,0.6,56.4,37.0,0
2025-04-01 01:39:00,M002,0.7,61.1,41.9,0
2025-04-01 01:40:00,M006,0.61,45.7,23.2,0
2025-04-01 01:41:00,M002,0.58,40.4,34.2,0
2025-04-01 01:42:00,M015,0.24,35.8,38.0,0
2025-04-01 01:43:00,M010,0.45,65.0,41.7,0
2025-04-01 01:44:00,M015,0.23,58.5,41.3,0
2025-04-01 01:45:00,M008,0.68,60.3,47.2,0
2025-04-01 01:46:00,M017,0.55,59.0,27.3,0
2025-04-01 01:47:00,M002,0.4,55.8,24.5,0
2025-04-01 01:48:00,M016,0.54,33.1,31.1,0
2025-04-01 01:49:00,M008,0.26,62.9,37.1,0
2025-04-01 01:50:00,M011,0.36,60.9,25.4,0
2025-04-01 01:51:00,M006,0.18,46.2,28.5,0
2025-04-01 01:52:00,M017,0.74,36.8,37.8,0
2025-04-01 01:53:00,M010,0.68,57.0,34.8,0
2025-04-01 01:54:00,M009,0.39,57.4,45.0,0
2025-04-01 01:55:00,M001,0.76,32.9,24.8,0
2025-04-01 01:56:00,M001,0.71,49.4,49.8,0
2025-04-01 01:57:00,M020,0.57,49.7,30.6,0
2025-04-01 01:58:00,M010,0.38,34.7,40.1,0
2025-04-01 01:59:00,M016,0.73,30.8,44.3,0
2025-04-01 02:00:00,M013,0.51,67.9,47.4,0
2025-04-01 02:01:00,M002,0.36,56.7,21.3,0
2025-04-01 02:02:00,M001,0.4,65.2,27.5,0
2025-04-01 02:03:00,M002,0.39,48.9,40.2,0
2025-04-01 02:04:00,M006,0.66,31.4,39.5,0
2025-04-01 02:05:00,M019,0.68,58.4,40.1,0
2025-04-01 02:06:00,M004,0.3,53.7,39.3,0
2025-04-01 02:07:00,M001,0.27,64.9,30.6,0
2025-04-01 02:08:00,M017,0.79,68.5,34.5,0
2025-04-01 02:09:00,M011,0.79,35.5,49.3,1
2025-04-01 02:10:00,M018,0.61,56.6,40.4,0
2025-04-01 02:11:00,M009,0.2,49.6,37.4,0
2025-04-01 02:12:00,M003,0.48,44.5,25.6,0
2025-04-01 02:13:00,M015,0.67,61.6,43.8,0
2025-04-01 02:14:00,M007,0.52,41.3,46.2,0
2025-04-01 02:15:00,M010,0.37,32.6,48.5,0
2025-04-01 02:16:00,M015,0.46,65.3,41.5,0
2025-04-01 02:17:00,M005,0.54,48.9,38.6,0
2025-04-01 02:18:00,M011,0.55,47.4,44.3,0
2025-04-01 02:19:00,M015,0.39,56.6,48.1,0
2025-04-01 02:20:00,M014,0.44,51.3,26.9,0
2025-04-01 02:21:00,M017,0.04,49.6,30.6,0
2025-04-01 02:22:00,M008,1.16,54.5,24.3,0
2025-04-01 02:23:00,M008,0.98,59.0,34.4,0
2025-04-01 02:24:00,M012,0.53,61.5,33.5,0
2025-04-01 02:25:00,M017,0.63,63.9,24.8,0
2025-04-01 02:26:00,M005,0.5,53.8,35.2,0
2025-04-01 02:27:00,M017,0.38,53.6,28.8,0
2025-04-01 02:28:00,M001,0.63,57.9,22.1,1
2025-04-01 02:29:00,M016,0.59,63.3,37.5,0
2025-04-01 02:30:00,M002,0.48,49.3,25.1,0
2025-04-01 02:31:00,M009,0.59,32.0,26.9,0
2025-04-01 02:32:00,M005,0.83,58.7,44.4,1
2025-04-01 02:33:00,M017,0.32,46.4,26.5,0
2025-04-01 02:34:00,M013,0.57,33.9,33.2,0
2025-04-01 02:35:00,M016,0.2,46.9,44.0,0
2025-04-01 02:36:00,M009,0.41,48.7,45.4,0
2025-04-01 02:37:00,M004,0.43,51.5,31.9,0
2025-04-01 02:38:00,M014,0.61,33.6,48.1,0
2025-04-01 02:39:00,M008,0.57,35.8,41.6,0
2025-04-01 02:40:00,M011,0.25,50.2,25.8,0
2025-04-01 02:41:00,M012,0.34,47.5,28.7,0
2025-04-01 02:42:00,M006,0.53,40.6,32.0,0
2025-04-01 02:43:00,M011,0.21,43.6,39.3,0
2025-04-01 02:44:00,M002,0.49,42.9,24.7,0
2025-04-01 02:45:00,M012,0.42,48.2,34.3,0
2025-04-01 02:46:00,M001,0.26,54.7,29.6,0
2025-04-01 02:47:00,M019,0.31,33.2,40.7,0
2025-04-01 02:48:00,M015,0.53,34.2,27.7,1
2025-04-01 02:49:00,M017,0.57,48.0,29.6,0
2025-04-01 02:50:00,M009,0.88,32.2,33.9,0
2025-04-01 02:51:00,M007,0.34,36.7,34.2,0
2025-04-01 02:52:00,M015,0.45,33.4,44.3,0
2025-04-01 02:53:00,M005,0.25,51.7,20.0,0
2025-04-01 02:54:00,M010,0.29,50.0,28.5,0
2025-04-01 02:55:00,M012,0.53,63.0,30.3,0
2025-04-01 02:56:00,M015,0.43,67.0,48.9,0
2025-04-01 02:57:00,M018,0.92,52.8,29.0,0
2025-04-01 02:58:00,M001,0.76,66.2,32.9,0
2025-04-01 02:59:00,M020,0.42,52.2,32.7,0
2025-04-01 03:00:00,M008,0.37,57.6,26.8,0
2025-04-01 03:01:00,M016,0.66,63.6,41.1,0
2025-04-01 03:02:00,M003,0.5,55.2,20.4,0
2025-04-01 03:03:00,M011,0.58,67.4,39.1,0
2025-04-01 03:04:00,M001,0.66,55.5,38.6,0
2025-04-01 03:05:00,M013,0.23,58.0,47.4,0
2025-04-01 03:06:00,M006,0.21,61.4,24.6,0
2025-04-01 03:07:00,M013,0.5,61.4,34.4,0
2025-04-01 03:08:00,M019,0.32,45.0,40.0,0
2025-04-01 03:09:00,M014,0.49,33.8,40.7,0
2025-04-01 03:10:00,M003,0.45,59.3,27.5,0
2025-04-01 03:11:00,M020,0.6,60.2,25.5,0
2025-04-01 03:12:00,M004,0.31,41.2,21.3,0
2025-04-01 03:13:00,M019,0.3,67.8,23.6,0
2025-04-01 03:14:00,M010,0.69,62.7,50.0,0
2025-04-01 03:15:00,M005,0.44,39.1,36.2,0
2025-04-01 03:16:00,M010,0.36,52.5,38.9,0
2025-04-01 03:17:00,M018,0.53,54.7,43.4,1
2025-04-01 03:18:00,M008,0.53,62.8,29.9,0
2025-04-01 03:19:00,M005,0.43,37.1,37.6,0
2025-04-01 03:20:00,M006,0.56,50.0,29.3,0
2025-04-01 03:21:00,M019,0.58,46.6,40.6,0
2025-04-01 03:22:00,M016,0.17,53.1,49.3,0
2025-04-01 03:23:00,M018,0.38,46.4,44.4,0
2025-04-01 03:24:00,M017,0.55,56.3,42.8,0
2025-04-01 03:25:00,M002,0.28,63.3,34.4,0
2025-04-01 03:26:00,M005,0.22,31.7,34.7,0
2025-04-01 03:27:00,M001,0.46,39.2,26.4,0
2025-04-01 03:28:00,M010,0.43,43.8,22.4,0
2025-04-01 03:29:00,M019,0.7,57.0,25.3,0
2025-04-01 03:30:00,M014,0.41,35.7,23.0,0
2025-04-01 03:31:00,M009,0.4,35.5,44.5,0
2025-04-01 03:32:00,M017,0.4,53.8,43.8,0
2025-04-01 03:33:00,M019,0.33,65.0,38.2,0
2025-04-01 03:34:00,M001,0.44,46.0,48.7,0
2025-04-01 03:35:00,M019,0.54,41.5,48.1,1
2025-04-01 03:36:00,M003,0.29,46.3,25.9,0
2025-04-01 03:37:00,M020,0.7,33.3,31.4,0
2025-04-01 03:38:00,M009,0.88,52.9,34.6,0
2025-04-01 03:39:00,M008,0.61,38.9,28.8,0
2025-04-01 03:40:00,M010,0.26,64.4,46.4,0
2025-04-01 03:41:00,M009,0.47,38.7,43.0,0
2025-04-01 03:42:00,M017,0.02,63.5,33.1,0
2025-04-01 03:43:00,M001,0.22,53.2,25.3,0
2025-04-01 03:44:00,M009,0.78,43.7,42.7,0
2025-04-01 03:45:00,M015,0.36,50.5,49.8,0
2025-04-01 03:46:00,M001,0.39,54.9,43.3,0
2025-04-01 03:47:00,M016,0.98,39.2,33.0,0
2025-04-01 03:48:00,M016,0.62,54.7,24.1,0
2025-04-01 03:49:00,M009,0.33,53.2,49.6,0
2025-04-01 03:50:00,M016,0.77,46.2,24.0,0
2025-04-01 03:51:00,M001,0.61,56.0,42.7,0
2025-04-01 03:52:00,M015,0.77,49.1,34.8,0
2025-04-01 03:53:00,M018,0.49,51.7,29.1,0
2025-04-01 03:54:00,M004,0.63,32.7,43.3,0
2025-04-01 03:55:00,M006,0.17,52.6,30.1,0
2025-04-01 03:56:00,M005,0.38,51.7,43.2,1
2025-04-01 03:57:00,M008,0.48,48.3,45.0,0
2025-04-01 03:58:00,M015,0.99,50.6,28.9,0
2025-04-01 03:59:00,M014,0.38,65.4,39.2,0
2025-04-01 04:00:00,M016,0.42,47.4,41.7,0
2025-04-01 04:01:00,M008,0.21,46.3,47.5,0
2025-04-01 04:02:00,M010,0.21,36.5,27.4,0
2025-04-01 04:03:00,M001,0.25,44.0,46.7,0
2025-04-01 04:04:00,M015,0.52,39.7,46.5,0
2025-04-01 04:05:00,M008,0.64,49.8,45.1,1
2025-04-01 04:06:00,M011,0.73,55.2,39.8,0
2025-04-01 04:07:00,M020,0.67,51.8,25.3,0
2025-04-01 04:08:00,M018,0.67,50.7,26.2,0
2025-04-01 04:09:00,M013,0.78,56.3,20.1,0
2025-04-01 04:10:00,M012,0.32,69.4,21.3,0
2025-04-01 04:11:00,M001,0.58,59.2,20.7,0
2025-04-01 04:12:00,M013,0.44,57.8,32.5,0
2025-04-01 04:13:00,M011,0.65,40.1,43.6,0
2025-04-01 04:14:00,M020,0.83,45.0,43.2,0
2025-04-01 04:15:00,M017,0.97,39.4,49.6,0
2025-04-01 04:16:00,M005,0.47,36.2,32.1,0
2025-04-01 04:17:00,M010,0.59,44.1,31.3,0
2025-04-01 04:18:00,M011,0.46,55.4,20.7,1
2025-04-01 04:19:00,M010,0.54,67.0,36.0,0
2025-04-01 04:20:00,M020,0.79,48.9,48.4,0
2025-04-01 04:21:00,M013,0.65,61.3,28.1,0
2025-04-01 04:22:00,M004,0.68,45.6,23.2,0
2025-04-01 04:23:00,M005,0.09,55.0,27.9,0
2025-04-01 04:24:00,M006,0.66,51.0,37.1,0
2025-04-01 04:25:00,M012,0.5,68.8,34.0,0
2025-04-01 04:26:00,M007,0.69,65.9,48.5,0
2025-04-01 04:27:00,M019,0.1,66.0,39.6,0
2025-04-01 04:28:00,M013,0.13,62.6,26.7,0
2025-04-01 04:29:00,M013,0.53,51.8,46.6,0
2025-04-01 04:30:00,M017,0.31,32.1,32.8,0
2025-04-01 04:31:00,M011,0.54,36.1,29.9,0
2025-04-01 04:32:00,M014,0.27,30.2,25.8,0
2025-04-01 04:33:00,M017,0.5,48.0,25.5,0
2025-04-01 04:34:00,M006,0.83,42.4,37.0,0
2025-04-01 04:35:00,M017,0.4,66.4,39.7,0
2025-04-01 04:36:00,M007,0.6,61.9,38.8,0
2025-04-01 04:37:00,M010,0.34,30.1,41.6,0
2025-04-01 04:38:00,M010,0.41,40.2,21.7,0
2025-04-01 04:39:00,M008,0.58,37.8,27.7,0
2025-04-01 04:40:00,M002,0.4,37.5,24.4,0
2025-04-01 04:41:00,M018,0.71,56.4,35.9,0
2025-04-01 04:42:00,M006,0.52,52.2,26.7,0
2025-04-01 04:43:00,M019,0.37,37.1,30.3,0
2025-04-01 04:44:00,M016,0.4,42.1,37.5,0
2025-04-01 04:45:00,M003,0.74,36.7,43.1,0
2025-04-01 04:46:00,M007,0.66,34.8,32.5,0
2025-04-01 04:47:00,M012,0.31,58.8,30.6,0
2025-04-01 04:48:00,M012,0.57,63.6,48.3,0
2025-04-01 04:49:00,M020,0.51,46.4,38.8,0
2025-04-01 04:50:00,M006,0.57,64.7,27.9,0
2025-04-01 04:51:00,M003,0.32,45.1,34.6,0
2025-04-01 04:52:00,M012,0.54,61.4,39.8,0
2025-04-01 04:53:00,M010,0.72,67.2,43.4,0
2025-04-01 04:54:00,M010,0.4,68.7,37.2,0
2025-04-01 04:55:00,M018,0.47,52.8,48.6,0
2025-04-01 04:56:00,M011,0.56,55.6,44.5,0
2025-04-01 04:57:00,M008,0.75,68.4,37.6,0
2025-04-01 04:58:00,M013,0.71,34.5,28.0,0
2025-04-01 04:59:00,M012,0.68,56.3,28.8,1
2025-04-01 05:00:00,M016,0.58,66.6,33.2,0
2025-04-01 05:01:00,M002,0.57,59.4,42.0,0
2025-04-01 05:02:00,M001,0.56,49.0,21.6,0
2025-04-01 05:03:00,M010,0.7,47.1,20.9,0
2025-04-01 05:04:00,M016,0.52,32.0,38.1,0
2025-04-01 05:05:00,M001,0.59,66.9,22.0,0
2025-04-01 05:06:00,M008,0.69,35.2,39.4,0
2025-04-01 05:07:00,M001,0.56,67.5,23.5,0
2025-04-01 05:08:00,M008,0.5,64.4,38.7,0
2025-04-01 05:09:00,M009,0.16,52.6,30.9,0
2025-04-01 05:10:00,M003,0.26,41.7,33.8,0
2025-04-01 05:11:00,M019,0.67,56.5,25.6,0
2025-04-01 05:12:00,M007,0.96,41.0,41.4,0
2025-04-01 05:13:00,M014,0.36,40.4,33.0,1
2025-04-01 05:14:00,M010,0.85,52.7,44.1,0
2025-04-01 05:15:00,M015,0.5,59.1,36.9,0
2025-04-01 05:16:00,M013,0.55,41.9,29.8,0
2025-04-01 05:17:00,M010,0.65,52.8,20.3,0
2025-04-01 05:18:00,M012,0.12,52.5,43.2,0
2025-04-01 05:19:00,M002,0.63,64.7,31.5,0
2025-04-01 05:20:00,M006,0.37,30.3,44.4,0
2025-04-01 05:21:00,M004,0.57,69.2,48.1,0
2025-04-01 05:22:00,M008,0.24,41.1,29.5,0
2025-04-01 05:23:00,M002,0.89,64.1,22.3,0
2025-04-01 05:24:00,M008,0.08,49.1,50.0,0
2025-04-01 05:25:00,M007,0.41,42.1,32.1,0
2025-04-01 05:26:00,M019,0.57,61.0,48.1,0
2025-04-01 05:27:00,M016,0.41,65.1,34.8,0
2025-04-01 05:28:00,M007,0.75,55.4,40.8,0
2025-04-01 05:29:00,M011,0.74,58.8,40.6,0
2025-04-01 05:30:00,M011,0.33,57.2,22.9,0
2025-04-01 05:31:00,M010,0.8,30.3,40.8,0
2025-04-01 05:32:00,M019,0.19,42.0,38.2,0
2025-04-01 05:33:00,M001,0.57,30.4,20.3,0
2025-04-01 05:34:00,M019,0.59,41.2,45.0,0
2025-04-01 05:35:00,M006,0.76,39.6,40.7,0
2025-04-01 05:36:00,M010,0.78,56.0,39.3,0
2025-04-01 05:37:00,M017,0.5,43.1,36.8,1
2025-04-01 05:38:00,M004,0.29,39.0,20.4,0
2025-04-01 05:39:00,M017,0.51,60.2,34.9,0
2025-04-01 05:40:00,M005,0.55,56.1,27.9,0
2025-04-01 05:41:00,M005,0.63,57.5,46.6,0
2025-04-01 05:42:00,M018,0.41,30.2,23.3,0
2025-04-01 05:43:00,M008,0.36,58.6,32.6,0
2025-04-01 05:44:00,M003,0.62,54.1,30.0,0
2025-04-01 05:45:00,M010,0.26,39.9,40.2,1
2025-04-01 05:46:00,M002,0.58,42.5,48.3,0
2025-04-01 05:47:00,M009,0.19,55.0,25.0,0
2025-04-01 05:48:00,M003,0.31,53.0,38.9,0
2025-04-01 05:49:00,M003,0.44,47.6,40.1,0
2025-04-01 05:50:00,M018,0.64,54.9,46.6,0
2025-04-01 05:51:00,M013,0.58,44.3,36.0,0
2025-04-01 05:52:00,M008,0.44,31.8,49.1,0
2025-04-01 05:53:00,M002,0.47,59.6,42.8,0
2025-04-01 05:54:00,M007,0.46,42.7,29.7,1
2025-04-01 05:55:00,M014,0.16,55.1,39.5,0
2025-04-01 05:56:00,M003,0.75,48.1,21.9,0
2025-04-01 05:57:00,M017,0.49,62.6,40.0,0
2025-04-01 05:58:00,M004,0.59,60.7,21.3,0
2025-04-01 05:59:00,M015,0.59,59.8,49.4,0
2025-04-01 06:00:00,M018,0.38,63.7,43.3,0
2025-04-01 06:01:00,M017,0.36,37.3,30.9,0
2025-04-01 06:02:00,M005,0.53,51.0,36.4,0
2025-04-01 06:03:00,M014,0.46,65.6,32.2,0
2025-04-01 06:04:00,M020,0.34,56.6,38.2,0
2025-04-01 06:05:00,M019,0.49,60.9,29.8,0
2025-04-01 06:06:00,M008,0.65,51.4,33.1,0
2025-04-01 06:07:00,M019,0.1,49.6,21.5,0
2025-04-01 06:08:00,M002,0.54,58.4,26.2,1
2025-04-01 06:09:00,M012,0.49,43.6,42.7,0
2025-04-01 06:10:00,M008,0.47,63.5,42.5,0
2025-04-01 06:11:00,M003,0.76,59.1,39.8,0
2025-04-01 06:12:00,M016,0.31,60.1,41.2,0
2025-04-01 06:13:00,M017,0.21,57.4,47.6,0
2025-04-01 06:14:00,M011,0.33,48.0,32.0,0
2025-04-01 06:15:00,M020,0.51,52.0,21.8,0
2025-04-01 06:16:00,M013,0.24,57.9,41.4,0
2025-04-01 06:17:00,M007,0.55,33.7,44.6,0
2025-04-01 06:18:00,M019,0.61,68.8,49.6,0
2025-04-01 06:19:00,M020,0.64,58.4,22.4,0
2025-04-01 06:20:00,M008,0.74,59.9,25.4,0
2025-04-01 06:21:00,M017,0.65,69.6,35.1,0
2025-04-01 06:22:00,M009,0.5,47.4,47.5,0
2025-04-01 06:23:00,M006,0.46,36.3,49.3,0
2025-04-01 06:24:00,M011,0.72,60.8,27.8,0
2025-04-01 06:25:00,M006,0.26,55.8,25.4,0
2025-04-01 06:26:00,M017,0.34,35.9,29.3,0
2025-04-01 06:27:00,M008,0.4,63.6,43.8,0
2025-04-01 06:28:00,M009,0.51,34.6,34.8,0
2025-04-01 06:29:00,M008,0.45,61.6,21.3,0
2025-04-01 06:30:00,M013,0.66,37.2,36.9,0
2025-04-01 06:31:00,M003,0.31,63.4,49.5,0
2025-04-01 06:32:00,M019,0.44,69.1,38.3,0
2025-04-01 06:33:00,M020,0.51,59.2,46.7,0
2025-04-01 06:34:00,M020,0.21,44.4,44.6,0
2025-04-01 06:35:00,M020,0.56,64.3,49.8,0
2025-04-01 06:36:00,M018,0.35,52.6,31.8,0
2025-04-01 06:37:00,M020,0.62,41.5,29.6,0
2025-04-01 06:38:00,M011,0.27,51.6,31.1,0
2025-04-01 06:39:00,M016,0.39,66.2,23.4,0
2025-04-01 06:40:00,M020,0.28,32.8,38.8,0
2025-04-01 06:41:00,M019,0.19,65.7,38.1,0
2025-04-01 06:42:00,M003,0.33,33.2,27.2,0
2025-04-01 06:43:00,M002,0.4,31.8,46.3,0
2025-04-01 06:44:00,M017,0.71,68.1,28.2,0
2025-04-01 06:45:00,M014,0.2,31.7,38.4,0
2025-04-01 06:46:00,M014,0.4,53.7,46.9,0
2025-04-01 06:47:00,M005,0.88,53.7,34.9,0
2025-04-01 06:48:00,M020,0.47,34.9,40.3,1
2025-04-01 06:49:00,M007,0.54,55.5,36.8,1
2025-04-01 06:50:00,M013,0.49,41.5,23.1,0
2025-04-01 06:51:00,M013,0.6,46.8,23.7,0
2025-04-01 06:52:00,M017,0.41,48.3,48.3,0
2025-04-01 06:53:00,M012,0.5,34.0,25.3,0
2025-04-01 06:54:00,M019,0.41,55.3,27.2,0
2025-04-01 06:55:00,M001,0.47,63.9,40.0,0
2025-04-01 06:56:00,M020,0.74,31.5,30.0,0
2025-04-01 06:57:00,M012,0.77,60.2,20.6,0
2025-04-01 06:58:00,M005,0.63,53.1,20.7,0
2025-04-01 06:59:00,M019,0.61,34.8,29.9,0
2025-04-01 07:00:00,M020,0.27,40.4,47.0,0
2025-04-01 07:01:00,M004,0.61,56.7,47.3,1
2025-04-01 07:02:00,M016,0.55,65.6,28.4,0
2025-04-01 07:03:00,M008,0.42,34.1,33.1,0
2025-04-01 07:04:00,M004,0.48,46.4,46.3,1
2025-04-01 07:05:00,M005,0.28,62.9,23.3,0
2025-04-01 07:06:00,M009,0.72,68.0,48.0,0
2025-04-01 07:07:00,M007,0.63,62.4,41.6,0
2025-04-01 07:08:00,M011,0.72,55.1,29.6,0
2025-04-01 07:09:00,M002,0.74,54.3,21.2,0
2025-04-01 07:10:00,M012,0.6,32.8,23.4,0
2025-04-01 07:11:00,M002,0.74,68.5,33.3,0
2025-04-01 07:12:00,M008,0.53,63.1,47.9,0
2025-04-01 07:13:00,M019,0.71,65.6,42.4,0
2025-04-01 07:14:00,M005,0.42,53.1,33.6,0
2025-04-01 07:15:00,M019,0.47,59.0,44.0,0
2025-04-01 07:16:00,M018,0.69,34.2,22.7,0
2025-04-01 07:17:00,M018,0.72,47.3,28.6,0
2025-04-01 07:18:00,M010,-0.12,47.1,46.6,0
2025-04-01 07:19:00,M011,0.25,47.3,43.6,0
2025-04-01 07:20:00,M015,0.64,56.6,29.1,0
2025-04-01 07:21:00,M019,0.46,35.1,38.1,0
2025-04-01 07:22:00,M006,0.25,32.0,26.4,0
2025-04-01 07:23:00,M004,0.56,31.7,41.5,0
2025-04-01 07:24:00,M014,0.44,54.4,27.9,0
2025-04-01 07:25:00,M018,0.48,39.8,32.9,0
2025-04-01 07:26:00,M018,0.67,40.6,32.1,0
2025-04-01 07:27:00,M016,0.07,40.8,43.6,0
2025-04-01 07:28:00,M009,0.45,61.5,44.2,0
2025-04-01 07:29:00,M018,0.66,44.9,31.7,0
2025-04-01 07:30:00,M020,0.31,48.2,20.8,0
2025-04-01 07:31:00,M006,0.66,30.2,32.3,0
2025-04-01 07:32:00,M001,0.12,41.1,23.3,0
2025-04-01 07:33:00,M013,0.43,63.7,21.7,0
2025-04-01 07:34:00,M013,0.43,61.5,26.3,0
2025-04-01 07:35:00,M002,0.52,62.2,43.8,0
2025-04-01 07:36:00,M011,0.69,66.2,21.6,0
2025-04-01 07:37:00,M007,0.4,44.3,49.9,0
2025-04-01 07:38:00,M019,0.37,49.8,31.5,0
2025-04-01 07:39:00,M006,0.67,36.0,26.6,0
2025-04-01 07:40:00,M001,0.03,43.7,34.5,0
2025-04-01 07:41:00,M004,0.83,33.7,36.6,0
2025-04-01 07:42:00,M014,0.49,62.2,44.0,0
2025-04-01 07:43:00,M013,0.62,39.4,45.9,0
2025-04-01 07:44:00,M006,0.32,61.9,23.4,0
2025-04-01 07:45:00,M008,0.43,33.8,39.0,0
2025-04-01 07:46:00,M006,0.43,32.5,38.8,0
2025-04-01 07:47:00,M001,0.63,59.0,38.1,0
2025-04-01 07:48:00,M012,0.67,32.1,24.1,0
2025-04-01 07:49:00,M017,0.74,60.3,42.6,0
2025-04-01 07:50:00,M020,0.55,52.9,22.3,0
2025-04-01 07:51:00,M008,0.44,62.8,21.9,0
2025-04-01 07:52:00,M005,0.71,66.5,28.4,0
2025-04-01 07:53:00,M002,0.32,50.2,22.7,0
2025-04-01 07:54:00,M014,0.39,43.7,27.6,0
2025-04-01 07:55:00,M002,0.8,41.6,42.5,0
2025-04-01 07:56:00,M018,0.05,44.6,26.5,0
2025-04-01 07:57:00,M013,0.38,50.3,41.7,0
2025-04-01 07:58:00,M011,0.59,31.3,35.5,0
2025-04-01 07:59:00,M012,0.51,31.0,34.6,0
2025-04-01 08:00:00,M008,0.31,52.0,35.5,0
2025-04-01 08:01:00,M002,0.39,56.9,27.7,0
2025-04-01 08:02:00,M008,0.51,36.6,25.7,0
2025-04-01 08:03:00,M007,0.65,36.7,20.6,0
2025-04-01 08:04:00,M005,0.26,52.6,39.7,0
2025-04-01 08:05:00,M013,0.45,31.9,34.9,0
2025-04-01 08:06:00,M007,0.42,39.4,33.5,0
2025-04-01 08:07:00,M003,0.68,50.5,24.5,0
2025-04-01 08:08:00,M003,0.66,41.4,28.0,0
2025-04-01 08:09:00,M011,0.3,64.6,24.0,0
2025-04-01 08:10:00,M012,0.37,39.8,31.8,1
2025-04-01 08:11:00,M017,0.46,40.6,25.3,0
2025-04-01 08:12:00,M007,0.52,33.0,37.2,0
2025-04-01 08:13:00,M005,0.19,63.1,39.6,0
2025-04-01 08:14:00,M017,0.82,52.4,34.3,0
2025-04-01 08:15:00,M008,0.64,38.1,39.5,0
2025-04-01 08:16:00,M001,0.58,62.4,37.1,0
2025-04-01 08:17:00,M013,0.53,36.5,32.3,0
2025-04-01 08:18:00,M011,0.38,37.8,21.2,0
2025-04-01 08:19:00,M010,0.41,38.4,38.1,0
2025-04-01 08:20:00,M013,0.6,43.2,36.8,0
2025-04-01 08:21:00,M007,0.12,45.2,49.4,0
2025-04-01 08:22:00,M001,0.34,59.5,44.4,0
2025-04-01 08:23:00,M007,0.91,43.0,28.4,0
2025-04-01 08:24:00,M013,0.58,49.8,32.3,1
2025-04-01 08:25:00,M003,0.36,56.5,46.8,0
2025-04-01 08:26:00,M007,0.43,30.5,46.7,0
2025-04-01 08:27:00,M012,0.87,60.0,30.6,0
2025-04-01 08:28:00,M004,0.31,37.6,45.1,0
2025-04-01 08:29:00,M015,0.38,60.8,36.4,0
2025-04-01 08:30:00,M014,0.47,36.9,21.0,0
2025-04-01 08:31:00,M019,0.52,65.2,41.6,0
2025-04-01 08:32:00,M017,0.52,69.9,21.2,0
2025-04-01 08:33:00,M015,0.65,69.5,24.5,0
2025-04-01 08:34:00,M009,0.42,49.4,49.6,0
2025-04-01 08:35:00,M002,0.31,47.0,28.9,0
2025-04-01 08:36:00,M019,0.66,64.3,45.1,1
2025-04-01 08:37:00,M013,0.48,55.9,24.8,0
2025-04-01 08:38:00,M012,0.49,33.8,48.2,0
2025-04-01 08:39:00,M006,0.19,57.8,23.9,0
2025-04-01 08:40:00,M013,0.88,30.5,48.7,0
2025-04-01 08:41:00,M006,0.37,44.7,31.8,0
2025-04-01 08:42:00,M002,0.73,35.3,48.9,0
2025-04-01 08:43:00,M016,0.38,55.5,31.0,0
2025-04-01 08:44:00,M013,0.39,45.1,34.6,0
2025-04-01 08:45:00,M008,0.26,39.0,45.8,0
2025-04-01 08:46:00,M006,0.52,36.3,39.2,0
2025-04-01 08:47:00,M017,0.08,41.6,33.2,1
2025-04-01 08:48:00,M005,0.19,37.4,44.1,0
2025-04-01 08:49:00,M010,0.5,46.4,46.8,0
2025-04-01 08:50:00,M015,0.33,47.5,26.3,0
2025-04-01 08:51:00,M009,0.42,60.4,38.1,0
2025-04-01 08:52:00,M001,0.78,56.4,48.6,0
2025-04-01 08:53:00,M001,0.17,67.2,49.2,0
2025-04-01 08:54:00,M013,0.34,49.8,32.1,0
2025-04-01 08:55:00,M007,0.5,53.8,27.8,0
2025-04-01 08:56:00,M001,0.3,45.8,31.0,0
2025-04-01 08:57:00,M020,0.67,68.7,23.1,0
2025-04-01 08:58:00,M018,0.87,58.5,38.4,0
2025-04-01 08:59:00,M012,0.67,36.0,25.3,0
2025-04-01 09:00:00,M018,0.45,36.8,23.7,0
2025-04-01 09:01:00,M004,0.29,41.3,26.4,0
2025-04-01 09:02:00,M004,0.42,30.0,32.0,0
2025-04-01 09:03:00,M003,0.42,63.2,46.6,0
2025-04-01 09:04:00,M010,0.52,49.3,40.1,0
2025-04-01 09:05:00,M007,0.59,51.5,30.1,0
2025-04-01 09:06:00,M006,0.57,67.3,39.9,0
2025-04-01 09:07:00,M012,0.32,31.7,25.5,0
2025-04-01 09:08:00,M013,0.46,34.4,32.1,0
2025-04-01 09:09:00,M009,0.4,68.8,26.2,0
2025-04-01 09:10:00,M013,0.33,54.8,24.7,0
2025-04-01 09:11:00,M019,0.96,50.0,36.0,1
2025-04-01 09:12:00,M006,0.79,32.4,47.3,0
2025-04-01 09:13:00,M018,0.2,41.3,28.9,0
2025-04-01 09:14:00,M004,0.71,67.4,37.8,0
2025-04-01 09:15:00,M008,0.36,68.9,32.7,0
2025-04-01 09:16:00,M018,0.36,55.6,25.5,0
2025-04-01 09:17:00,M017,0.35,68.3,23.7,0
2025-04-01 09:18:00,M012,0.38,33.7,37.3,0
2025-04-01 09:19:00,M012,0.35,59.3,31.6,0
2025-04-01 09:20:00,M005,0.96,38.7,32.7,0
2025-04-01 09:21:00,M004,0.49,54.9,30.2,0
2025-04-01 09:22:00,M002,0.05,31.1,27.7,0
2025-04-01 09:23:00,M013,0.57,48.2,36.5,0
2025-04-01 09:24:00,M017,0.38,45.0,43.6,0
2025-04-01 09:25:00,M013,0.52,35.1,47.0,0
2025-04-01 09:26:00,M010,0.36,66.8,40.6,0
2025-04-01 09:27:00,M014,0.62,58.3,20.3,0
2025-04-01 09:28:00,M008,0.37,47.1,33.8,0
2025-04-01 09:29:00,M012,0.42,32.4,39.3,0
2025-04-01 09:30:00,M015,0.66,58.6,48.3,0
2025-04-01 09:31:00,M014,0.41,37.6,28.8,0
2025-04-01 09:32:00,M002,0.41,55.2,37.1,0
2025-04-01 09:33:00,M018,0.6,37.2,41.8,0
2025-04-01 09:34:00,M008,0.5,46.5,38.4,0
2025-04-01 09:35:00,M007,0.27,44.8,42.6,0
2025-04-01 09:36:00,M009,0.59,40.2,39.6,0
2025-04-01 09:37:00,M004,0.73,35.0,20.1,0
2025-04-01 09:38:00,M009,0.31,52.2,25.0,0
2025-04-01 09:39:00,M001,0.34,48.5,31.3,0
2025-04-01 09:40:00,M004,0.43,55.4,25.1,0
2025-04-01 09:41:00,M007,0.48,69.9,30.5,0
2025-04-01 09:42:00,M012,0.43,31.9,39.8,0
2025-04-01 09:43:00,M013,0.62,37.3,44.5,0
2025-04-01 09:44:00,M011,0.51,40.9,39.5,0
2025-04-01 09:45:00,M013,0.4,49.5,42.1,0
2025-04-01 09:46:00,M017,0.84,69.8,45.9,0
2025-04-01 09:47:00,M010,0.15,48.6,41.7,0
2025-04-01 09:48:00,M015,0.61,65.2,28.4,0
2025-04-01 09:49:00,M010,0.64,43.1,24.3,0
2025-04-01 09:50:00,M017,0.68,38.3,44.9,0
2025-04-01 09:51:00,M009,0.64,49.2,23.2,0
2025-04-01 09:52:00,M013,0.77,64.5,30.5,0
2025-04-01 09:53:00,M020,0.27,46.7,39.5,0
2025-04-01 09:54:00,M016,0.6,56.8,27.5,0
2025-04-01 09:55:00,M001,0.39,55.0,47.1,0
2025-04-01 09:56:00,M006,0.46,31.7,39.2,0
2025-04-01 09:57:00,M001,0.58,59.4,28.8,0
2025-04-01 09:58:00,M001,0.46,33.9,36.8,0
2025-04-01 09:59:00,M007,0.08,37.1,21.5,0
2025-04-01 10:00:00,M007,0.54,52.3,31.1,0
2025-04-01 10:01:00,M018,0.74,42.4,20.7,0
2025-04-01 10:02:00,M018,0.6,52.5,33.0,0
2025-04-01 10:03:00,M013,0.34,37.2,25.6,0
2025-04-01 10:04:00,M012,0.52,67.4,43.2,0
2025-04-01 10:05:00,M009,0.41,65.7,35.7,0
2025-04-01 10:06:00,M002,0.3,57.3,22.9,0
2025-04-01 10:07:00,M004,0.15,38.7,45.4,0
2025-04-01 10:08:00,M002,0.69,54.8,49.4,0
2025-04-01 10:09:00,M006,0.67,61.9,35.3,0
2025-04-01 10:10:00,M009,0.46,67.8,28.2,0
2025-04-01 10:11:00,M020,0.44,55.7,22.6,0
2025-04-01 10:12:00,M008,0.08,41.3,26.9,0
2025-04-01 10:13:00,M016,0.77,65.4,34.6,0
2025-04-01 10:14:00,M005,0.6,65.6,24.1,0
2025-04-01 10:15:00,M001,0.4,42.1,21.1,0
2025-04-01 10:16:00,M015,0.01,54.7,25.8,0
2025-04-01 10:17:00,M018,0.46,58.4,26.8,0
2025-04-01 10:18:00,M019,0.38,37.0,45.7,0
2025-04-01 10:19:00,M018,0.49,62.2,38.3,0
2025-04-01 10:20:00,M017,0.76,68.4,38.7,0
2025-04-01 10:21:00,M011,0.44,53.5,46.8,0
2025-04-01 10:22:00,M004,0.31,63.7,42.1,0
2025-04-01 10:23:00,M007,0.32,65.8,23.3,1
2025-04-01 10:24:00,M013,0.7,45.8,40.7,0
2025-04-01 10:25:00,M014,0.62,51.0,37.8,1
2025-04-01 10:26:00,M018,0.17,45.9,40.3,0
2025-04-01 10:27:00,M013,0.81,40.0,22.4,0
2025-04-01 10:28:00,M014,0.27,46.1,38.3,0
2025-04-01 10:29:00,M003,0.47,63.9,39.4,0
2025-04-01 10:30:00,M020,0.56,32.9,34.5,0
2025-04-01 10:31:00,M002,0.49,62.9,46.3,0
2025-04-01 10:32:00,M012,0.36,66.5,40.5,0
2025-04-01 10:33:00,M006,0.03,58.5,43.2,0
2025-04-01 10:34:00,M005,0.25,43.4,22.9,0
2025-04-01 10:35:00,M017,0.77,60.0,34.0,0
2025-04-01 10:36:00,M008,0.4,52.9,42.8,0
2025-04-01 10:37:00,M010,0.86,61.1,28.1,0
2025-04-01 10:38:00,M016,0.31,64.3,32.3,0
2025-04-01 10:39:00,M004,0.43,63.7,39.9,0
2025-04-01 10:40:00,M007,0.76,42.6,32.7,0
2025-04-01 10:41:00,M012,0.69,58.6,21.4,0
2025-04-01 10:42:00,M015,0.8,44.3,24.2,0
2025-04-01 10:43:00,M003,0.55,68.2,22.1,0
2025-04-01 10:44:00,M013,0.71,32.4,39.9,0
2025-04-01 10:45:00,M014,0.19,30.4,46.1,0
2025-04-01 10:46:00,M005,0.27,67.5,39.1,0
2025-04-01 10:47:00,M001,0.92,53.3,45.7,0
2025-04-01 10:48:00,M014,0.47,69.3,46.0,0
2025-04-01 10:49:00,M003,0.46,63.4,29.9,0
2025-04-01 10:50:00,M006,0.63,31.6,20.4,0
2025-04-01 10:51:00,M004,0.3,33.9,45.6,0
2025-04-01 10:52:00,M004,0.5,59.5,28.2,0
2025-04-01 10:53:00,M009,0.33,35.0,22.4,0
2025-04-01 10:54:00,M015,0.61,32.9,21.0,0
2025-04-01 10:55:00,M015,0.36,62.1,49.0,0
2025-04-01 10:56:00,M004,0.54,44.3,39.8,0
2025-04-01 10:57:00,M005,0.86,60.5,25.5,0
2025-04-01 10:58:00,M004,0.74,48.3,23.2,0
2025-04-01 10:59:00,M017,0.57,37.7,24.2,0
2025-04-01 11:00:00,M006,0.65,69.7,40.7,0
2025-04-01 11:01:00,M003,0.51,57.5,32.8,0
2025-04-01 11:02:00,M016,0.45,53.5,24.4,0
2025-04-01 11:03:00,M020,0.66,31.1,49.6,0
2025-04-01 11:04:00,M009,0.7,68.6,31.2,0
2025-04-01 11:05:00,M002,0.53,62.6,46.4,0
2025-04-01 11:06:00,M015,0.59,48.1,35.1,0
2025-04-01 11:07:00,M015,0.47,45.3,44.4,0
2025-04-01 11:08:00,M016,0.22,65.9,41.6,0
2025-04-01 11:09:00,M015,0.75,33.9,38.9,0
2025-04-01 11:10:00,M005,0.41,50.3,26.3,0
2025-04-01 11:11:00,M005,0.64,32.4,39.3,0
2025-04-01 11:12:00,M007,0.22,35.0,49.7,0
2025-04-01 11:13:00,M018,0.12,49.4,27.8,0
2025-04-01 11:14:00,M006,0.49,66.6,22.7,0
2025-04-01 11:15:00,M017,0.25,61.6,40.2,0
2025-04-01 11:16:00,M002,0.6,68.4,49.2,0
2025-04-01 11:17:00,M001,0.65,34.4,46.6,0
2025-04-01 11:18:00,M005,0.34,56.9,43.8,0
2025-04-01 11:19:00,M005,0.6,59.5,31.3,0
2025-04-01 11:20:00,M009,0.66,51.9,29.5,0
2025-04-01 11:21:00,M012,0.95,30.8,46.6,0
2025-04-01 11:22:00,M009,0.15,62.7,41.8,0
2025-04-01 11:23:00,M001,0.29,42.9,49.3,1
2025-04-01 11:24:00,M007,0.51,30.6,26.0,0
2025-04-01 11:25:00,M008,0.42,49.8,32.6,0
2025-04-01 11:26:00,M019,0.33,55.2,24.2,1
2025-04-01 11:27:00,M006,0.54,51.4,28.6,0
2025-04-01 11:28:00,M014,0.55,47.5,36.2,0
2025-04-01 11:29:00,M006,0.48,45.9,47.4,0
2025-04-01 11:30:00,M015,0.48,37.3,27.2,0
2025-04-01 11:31:00,M020,0.69,37.7,41.5,0
2025-04-01 11:32:00,M017,0.32,52.1,49.8,0
2025-04-01 11:33:00,M015,0.47,42.6,39.2,0
2025-04-01 11:34:00,M020,0.68,51.1,43.3,1
2025-04-01 11:35:00,M008,0.35,32.1,46.1,0
2025-04-01 11:36:00,M015,0.73,30.7,29.0,0
2025-04-01 11:37:00,M011,0.3,55.5,29.2,0
2025-04-01 11:38:00,M010,0.36,57.1,43.5,0
2025-04-01 11:39:00,M017,0.31,54.2,42.1,0
2025-04-01 11:40:00,M015,0.45,43.0,44.7,0
2025-04-01 11:41:00,M013,0.71,46.7,26.9,0
2025-04-01 11:42:00,M010,0.53,55.8,33.4,0
2025-04-01 11:43:00,M011,0.13,47.0,32.3,0
2025-04-01 11:44:00,M003,0.73,30.2,34.0,0
2025-04-01 11:45:00,M017,0.41,58.5,35.6,0
2025-04-01 11:46:00,M016,0.51,70.0,36.9,1
2025-04-01 11:47:00,M013,0.77,49.8,32.9,0
2025-04-01 11:48:00,M010,0.59,34.0,32.1,0
2025-04-01 11:49:00,M005,0.22,43.5,43.3,1
2025-04-01 11:50:00,M009,0.31,63.8,35.9,0
2025-04-01 11:51:00,M015,0.27,38.0,46.5,0
2025-04-01 11:52:00,M006,0.8,51.4,33.8,0
2025-04-01 11:53:00,M019,0.46,31.9,39.3,0
2025-04-01 11:54:00,M010,0.19,33.7,32.9,0
2025-04-01 11:55:00,M006,0.32,46.7,37.8,1
2025-04-01 11:56:00,M005,0.57,46.3,39.1,0
2025-04-01 11:57:00,M008,0.48,44.6,47.9,0
2025-04-01 11:58:00,M002,0.46,37.8,23.7,0
2025-04-01 11:59:00,M020,0.73,56.7,42.3,0
2025-04-01 12:00:00,M010,0.32,59.4,32.2,0
2025-04-01 12:01:00,M010,0.42,64.1,21.0,0
2025-04-01 12:02:00,M007,0.29,38.4,31.8,0
2025-04-01 12:03:00,M004,0.68,58.2,29.1,0
2025-04-01 12:04:00,M001,0.61,61.4,26.2,0
2025-04-01 12:05:00,M014,0.47,37.5,31.4,0
2025-04-01 12:06:00,M001,0.71,67.6,36.0,0
2025-04-01 12:07:00,M012,0.4,61.5,47.8,0
2025-04-01 12:08:00,M008,0.72,54.2,49.1,0
2025-04-01 12:09:00,M015,0.54,45.0,36.8,0
2025-04-01 12:10:00,M002,0.38,69.1,38.9,0
2025-04-01 12:11:00,M012,0.34,43.3,47.9,0
2025-04-01 12:12:00,M015,0.66,52.3,21.7,0
2025-04-01 12:13:00,M013,0.39,40.8,41.9,0
2025-04-01 12:14:00,M013,0.44,65.0,46.4,0
2025-04-01 12:15:00,M004,0.2,53.1,22.1,0
2025-04-01 12:16:00,M012,0.13,54.6,32.4,0
2025-04-01 12:17:00,M005,0.43,65.6,25.0,0
2025-04-01 12:18:00,M017,0.79,65.5,49.5,0
2025-04-01 12:19:00,M007,0.61,64.1,38.3,0
2025-04-01 12:20:00,M020,0.48,35.5,33.4,0
2025-04-01 12:21:00,M008,0.38,58.0,30.5,0
2025-04-01 12:22:00,M010,0.69,44.1,31.5,0
2025-04-01 12:23:00,M003,0.44,45.3,49.7,0
2025-04-01 12:24:00,M001,0.79,57.1,47.4,0
2025-04-01 12:25:00,M009,0.68,31.4,28.1,0
2025-04-01 12:26:00,M011,0.38,58.6,22.3,0
2025-04-01 12:27:00,M012,0.31,42.5,33.5,0
2025-04-01 12:28:00,M005,0.28,59.6,32.7,0
2025-04-01 12:29:00,M005,0.5,48.8,40.6,0
2025-04-01 12:30:00,M003,0.42,41.6,29.4,0
2025-04-01 12:31:00,M001,0.39,41.1,23.4,0
2025-04-01 12:32:00,M001,0.53,62.1,36.0,0
2025-04-01 12:33:00,M004,0.61,46.7,36.4,0
2025-04-01 12:34:00,M003,0.57,62.8,39.7,0
2025-04-01 12:35:00,M015,0.64,60.2,46.9,0
2025-04-01 12:36:00,M005,0.71,38.5,45.5,0
2025-04-01 12:37:00,M008,1.0,38.1,26.0,0
2025-04-01 12:38:00,M016,0.47,35.4,40.2,0
2025-04-01 12:39:00,M007,0.02,56.9,32.7,0
2025-04-01 12:40:00,M017,0.49,31.1,20.6,0
2025-04-01 12:41:00,M014,0.54,66.5,45.6,0
2025-04-01 12:42:00,M011,0.5,32.6,40.8,0
2025-04-01 12:43:00,M009,0.58,65.1,27.9,0
2025-04-01 12:44:00,M005,0.33,65.8,20.3,0
2025-04-01 12:45:00,M011,0.14,43.1,39.5,0
2025-04-01 12:46:00,M016,0.52,48.6,32.5,0
2025-04-01 12:47:00,M015,0.54,43.0,28.7,0
2025-04-01 12:48:00,M005,0.25,68.2,49.7,0
2025-04-01 12:49:00,M008,0.3,56.5,48.2,0
2025-04-01 12:50:00,M017,0.28,45.7,42.3,0
2025-04-01 12:51:00,M014,0.57,50.7,43.2,1
2025-04-01 12:52:00,M015,0.33,42.4,33.8,0
2025-04-01 12:53:00,M017,0.55,47.7,36.9,0
2025-04-01 12:54:00,M009,0.12,55.0,20.5,0
2025-04-01 12:55:00,M013,0.26,39.9,43.5,0
2025-04-01 12:56:00,M003,0.49,58.5,24.0,0
2025-04-01 12:57:00,M006,0.56,60.4,23.8,0
2025-04-01 12:58:00,M008,0.48,31.9,27.3,0
2025-04-01 12:59:00,M009,0.48,34.2,44.8,0
2025-04-01 13:00:00,M004,0.63,68.2,40.9,0
2025-04-01 13:01:00,M006,0.88,60.6,48.8,0
2025-04-01 13:02:00,M015,0.35,46.9,35.9,0
2025-04-01 13:03:00,M010,0.59,69.6,49.1,0
2025-04-01 13:04:00,M016,0.65,54.5,39.4,0
2025-04-01 13:05:00,M019,0.16,40.4,41.9,0
2025-04-01 13:06:00,M005,0.51,44.1,43.6,0
2025-04-01 13:07:00,M020,0.96,53.7,28.6,0
2025-04-01 13:08:00,M003,0.25,57.4,29.8,0
2025-04-01 13:09:00,M002,0.79,34.0,35.1,0
2025-04-01 13:10:00,M013,0.68,42.5,27.2,0
2025-04-01 13:11:00,M010,0.48,33.0,35.5,0
2025-04-01 13:12:00,M004,0.59,49.1,28.0,0
2025-04-01 13:13:00,M016,0.27,42.1,36.6,0
2025-04-01 13:14:00,M006,0.45,46.4,48.6,0
2025-04-01 13:15:00,M015,0.75,41.9,40.5,0
2025-04-01 13:16:00,M017,0.69,39.5,33.5,1
2025-04-01 13:17:00,M009,0.75,46.7,31.9,0
2025-04-01 13:18:00,M006,0.23,46.2,32.2,0
2025-04-01 13:19:00,M011,0.47,48.2,41.8,0
2025-04-01 13:20:00,M006,0.7,59.9,28.3,0
2025-04-01 13:21:00,M008,0.34,68.4,29.6,0
2025-04-01 13:22:00,M005,0.63,51.1,41.8,0
2025-04-01 13:23:00,M019,0.63,49.7,34.7,0
2025-04-01 13:24:00,M018,0.81,55.1,32.7,0
2025-04-01 13:25:00,M012,1.01,49.3,42.0,0
2025-04-01 13:26:00,M005,0.63,38.0,25.2,0
2025-04-01 13:27:00,M013,0.6,59.3,28.1,0
2025-04-01 13:28:00,M002,0.29,50.8,38.7,0
2025-04-01 13:29:00,M017,0.36,40.9,33.1,0
2025-04-01 13:30:00,M015,0.69,67.1,48.9,0
2025-04-01 13:31:00,M016,0.33,66.0,42.3,0
2025-04-01 13:32:00,M019,0.38,44.2,31.7,0
2025-04-01 13:33:00,M017,0.4,34.1,41.0,0
2025-04-01 13:34:00,M019,0.16,58.2,29.9,1
2025-04-01 13:35:00,M020,0.66,38.6,35.0,0
2025-04-01 13:36:00,M020,0.82,31.9,40.4,0
2025-04-01 13:37:00,M006,0.72,61.7,36.8,0
2025-04-01 13:38:00,M008,0.57,63.3,28.6,0
2025-04-01 13:39:00,M015,0.84,55.0,25.9,0
2025-04-01 13:40:00,M017,0.57,59.2,43.6,0
2025-04-01 13:41:00,M006,0.97,34.5,49.1,0
2025-04-01 13:42:00,M008,0.36,35.3,29.0,0
2025-04-01 13:43:00,M007,0.19,45.4,43.8,0
2025-04-01 13:44:00,M019,0.66,58.4,26.0,1
2025-04-01 13:45:00,M005,0.7,56.2,42.1,0
2025-04-01 13:46:00,M007,0.4,52.2,49.6,0
2025-04-01 13:47:00,M009,0.48,42.6,27.5,0
2025-04-01 13:48:00,M006,0.3,49.0,30.8,0
2025-04-01 13:49:00,M002,0.61,35.9,27.9,0
2025-04-01 13:50:00,M010,0.3,58.9,42.5,0
2025-04-01 13:51:00,M005,0.45,67.0,43.8,0
2025-04-01 13:52:00,M012,0.5,37.4,44.1,0
2025-04-01 13:53:00,M003,0.5,31.2,26.2,1
2025-04-01 13:54:00,M003,0.68,58.7,34.0,0
2025-04-01 13:55:00,M008,0.69,49.7,40.5,0
2025-04-01 13:56:00,M007,0.76,50.2,47.6,0
2025-04-01 13:57:00,M011,0.67,51.7,37.8,0
2025-04-01 13:58:00,M008,0.22,70.0,42.3,0
2025-04-01 13:59:00,M001,0.3,51.9,40.0,1
2025-04-01 14:00:00,M002,0.58,43.7,45.7,0
2025-04-01 14:01:00,M005,1.03,51.0,28.2,0
2025-04-01 14:02:00,M006,0.41,56.1,30.0,0
2025-04-01 14:03:00,M014,0.58,67.1,20.5,0
2025-04-01 14:04:00,M006,0.4,67.1,34.1,1
2025-04-01 14:05:00,M006,0.35,38.3,21.7,0
2025-04-01 14:06:00,M012,0.25,68.0,46.5,0
2025-04-01 14:07:00,M007,0.51,61.1,31.8,0
2025-04-01 14:08:00,M004,0.76,43.2,33.5,0
2025-04-01 14:09:00,M016,0.32,56.7,45.6,0
2025-04-01 14:10:00,M006,0.39,37.2,45.7,0
2025-04-01 14:11:00,M016,0.48,51.6,48.6,1
2025-04-01 14:12:00,M006,0.44,59.2,31.4,0
2025-04-01 14:13:00,M016,0.69,60.9,45.1,0
2025-04-01 14:14:00,M002,0.58,45.3,36.3,0
2025-04-01 14:15:00,M009,0.36,34.6,49.7,0
2025-04-01 14:16:00,M017,0.32,44.8,20.4,0
2025-04-01 14:17:00,M009,0.7,38.8,40.6,0
2025-04-01 14:18:00,M016,0.46,33.0,48.9,0
2025-04-01 14:19:00,M010,0.95,37.6,21.8,0
2025-04-01 14:20:00,M005,0.34,39.8,40.5,0
2025-04-01 14:21:00,M009,0.24,42.9,41.8,0
2025-04-01 14:22:00,M012,0.21,55.4,24.5,0
2025-04-01 14:23:00,M015,0.73,41.2,36.6,0
2025-04-01 14:24:00,M011,0.37,69.7,23.6,0
2025-04-01 14:25:00,M019,0.65,48.0,22.8,0
2025-04-01 14:26:00,M003,0.5,55.1,43.3,0
2025-04-01 14:27:00,M016,0.93,61.6,44.9,0
2025-04-01 14:28:00,M001,0.46,50.3,26.6,0
2025-04-01 14:29:00,M020,0.44,30.6,44.6,0
2025-04-01 14:30:00,M003,0.45,49.3,28.7,0
2025-04-01 14:31:00,M008,0.31,47.8,34.6,0
2025-04-01 14:32:00,M005,0.24,36.7,23.4,0
2025-04-01 14:33:00,M010,0.27,64.5,27.7,0
2025-04-01 14:34:00,M002,0.38,46.1,33.6,0
2025-04-01 14:35:00,M003,0.57,45.0,32.6,0
2025-04-01 14:36:00,M006,0.72,38.1,21.8,0
2025-04-01 14:37:00,M012,0.65,44.1,32.8,0
2025-04-01 14:38:00,M020,0.41,64.2,29.7,0
2025-04-01 14:39:00,M020,0.51,63.7,36.0,0
2025-04-01 14:40:00,M002,0.73,66.5,22.2,0
2025-04-01 14:41:00,M012,0.42,69.9,37.8,0
2025-04-01 14:42:00,M006,0.5,50.1,23.4,0
2025-04-01 14:43:00,M005,0.66,36.6,47.2,0
2025-04-01 14:44:00,M002,0.68,56.5,22.5,0
2025-04-01 14:45:00,M014,0.49,36.5,26.5,0
2025-04-01 14:46:00,M006,0.4,40.5,26.4,0
2025-04-01 14:47:00,M006,0.36,57.0,39.9,0
2025-04-01 14:48:00,M008,0.09,36.4,44.3,0
2025-04-01 14:49:00,M011,0.42,44.3,39.5,0
2025-04-01 14:50:00,M006,0.52,38.1,25.5,0
2025-04-01 14:51:00,M006,0.78,44.4,31.2,1
2025-04-01 14:52:00,M006,0.78,69.9,42.3,0
2025-04-01 14:53:00,M015,0.31,34.5,21.4,0
2025-04-01 14:54:00,M013,0.42,51.4,44.5,0
2025-04-01 14:55:00,M019,-0.04,38.2,32.0,0
2025-04-01 14:56:00,M012,0.59,54.2,39.6,0
2025-04-01 14:57:00,M012,0.76,45.6,25.2,0
2025-04-01 14:58:00,M002,0.63,64.4,42.4,0
2025-04-01 14:59:00,M004,0.38,63.5,36.9,0
2025-04-01 15:00:00,M019,0.54,64.8,23.2,0
2025-04-01 15:01:00,M009,0.89,51.5,26.1,0
2025-04-01 15:02:00,M006,0.07,51.7,35.9,0
2025-04-01 15:03:00,M002,0.51,57.9,29.3,0
2025-04-01 15:04:00,M007,0.4,53.5,20.6,0
2025-04-01 15:05:00,M001,0.61,47.4,47.3,0
2025-04-01 15:06:00,M003,0.48,41.9,40.0,0
2025-04-01 15:07:00,M013,0.19,50.1,47.5,1
2025-04-01 15:08:00,M016,0.57,58.3,38.5,0
2025-04-01 15:09:00,M016,0.54,55.7,28.8,0
2025-04-01 15:10:00,M015,0.28,69.6,45.6,0
2025-04-01 15:11:00,M017,0.51,58.0,49.2,0
2025-04-01 15:12:00,M015,0.21,50.4,23.8,0
2025-04-01 15:13:00,M012,0.71,56.6,48.6,0
2025-04-01 15:14:00,M016,0.47,66.4,29.7,0
2025-04-01 15:15:00,M017,0.55,46.2,27.4,0
2025-04-01 15:16:00,M018,0.47,58.6,23.4,0
2025-04-01 15:17:00,M018,0.55,30.9,44.4,1
2025-04-01 15:18:00,M004,0.55,51.8,44.1,0
2025-04-01 15:19:00,M008,0.6,39.0,23.5,0
2025-04-01 15:20:00,M016,0.5,44.2,37.0,0
2025-04-01 15:21:00,M006,0.57,54.9,31.6,0
2025-04-01 15:22:00,M010,0.33,48.5,32.2,0
2025-04-01 15:23:00,M011,0.38,53.7,46.9,0
2025-04-01 15:24:00,M009,0.31,69.7,22.0,1
2025-04-01 15:25:00,M004,0.45,37.2,24.2,0
2025-04-01 15:26:00,M019,0.57,46.1,36.8,0
2025-04-01 15:27:00,M016,0.43,46.5,49.2,0
2025-04-01 15:28:00,M002,0.34,34.1,49.3,0
2025-04-01 15:29:00,M005,0.35,33.7,39.0,0
2025-04-01 15:30:00,M004,0.44,35.7,47.7,0
2025-04-01 15:31:00,M015,0.57,50.9,25.0,0
2025-04-01 15:32:00,M001,0.59,49.3,20.7,0
2025-04-01 15:33:00,M002,0.9,59.9,43.4,0
2025-04-01 15:34:00,M002,0.59,62.7,46.1,0
2025-04-01 15:35:00,M018,0.47,58.3,48.7,0
2025-04-01 15:36:00,M019,0.45,44.3,43.6,0
2025-04-01 15:37:00,M012,0.55,67.9,38.2,0
2025-04-01 15:38:00,M020,0.62,57.4,36.7,0
2025-04-01 15:39:00,M016,0.31,49.9,43.7,0
2025-04-01 15:40:00,M013,0.56,38.6,33.7,1
2025-04-01 15:41:00,M011,0.55,49.9,42.7,0
2025-04-01 15:42:00,M007,0.51,57.2,34.0,0
2025-04-01 15:43:00,M014,0.72,46.5,49.0,0
2025-04-01 15:44:00,M016,1.12,65.5,20.2,0
2025-04-01 15:45:00,M017,0.54,42.4,33.7,0
2025-04-01 15:46:00,M017,0.23,45.4,43.5,0
2025-04-01 15:47:00,M014,0.42,52.8,38.4,0
2025-04-01 15:48:00,M010,0.13,40.9,45.4,0
2025-04-01 15:49:00,M020,0.75,41.5,40.8,0
2025-04-01 15:50:00,M015,0.53,66.4,39.3,0
2025-04-01 15:51:00,M003,0.92,63.6,46.6,0
2025-04-01 15:52:00,M011,0.47,45.4,47.7,0
2025-04-01 15:53:00,M010,0.63,42.8,43.4,0
2025-04-01 15:54:00,M008,0.53,68.6,39.2,0
2025-04-01 15:55:00,M016,0.59,55.1,45.5,0
2025-04-01 15:56:00,M002,0.68,57.4,35.8,0
2025-04-01 15:57:00,M013,0.47,60.7,29.2,0
2025-04-01 15:58:00,M010,0.54,56.6,36.2,0
2025-04-01 15:59:00,M003,0.38,58.4,29.6,0
2025-04-01 16:00:00,M009,0.26,42.6,42.0,0
2025-04-01 16:01:00,M011,0.47,35.3,25.6,0
2025-04-01 16:02:00,M010,0.53,59.7,38.9,0
2025-04-01 16:03:00,M006,0.62,52.5,25.0,0
2025-04-01 16:04:00,M015,0.56,35.4,44.5,0
2025-04-01 16:05:00,M009,0.04,40.2,24.9,0
2025-04-01 16:06:00,M010,0.13,56.3,33.7,0
2025-04-01 16:07:00,M011,0.64,59.1,43.3,0
2025-04-01 16:08:00,M018,0.42,34.6,30.5,0
2025-04-01 16:09:00,M012,0.35,30.4,33.3,0
2025-04-01 16:10:00,M003,0.24,66.8,21.8,0
2025-04-01 16:11:00,M019,0.52,57.3,48.8,0
2025-04-01 16:12:00,M015,0.54,41.8,32.6,0
2025-04-01 16:13:00,M003,0.39,30.5,20.8,0
2025-04-01 16:14:00,M014,0.6,40.8,38.5,0
2025-04-01 16:15:00,M017,0.88,51.7,30.8,0
2025-04-01 16:16:00,M012,0.59,32.6,38.4,1
2025-04-01 16:17:00,M013,0.5,65.4,28.9,0
2025-04-01 16:18:00,M001,0.61,58.7,39.4,0
2025-04-01 16:19:00,M005,0.58,67.1,31.6,0
2025-04-01 16:20:00,M007,0.8,45.0,48.7,0
2025-04-01 16:21:00,M012,0.26,55.5,36.2,0
2025-04-01 16:22:00,M011,0.07,36.2,32.8,0
2025-04-01 16:23:00,M011,0.48,42.9,46.7,0
2025-04-01 16:24:00,M001,0.42,57.5,45.9,0
2025-04-01 16:25:00,M004,0.62,56.7,28.8,0
2025-04-01 16:26:00,M013,0.53,67.5,31.6,0
2025-04-01 16:27:00,M005,0.7,52.2,27.0,0
2025-04-01 16:28:00,M012,0.13,62.5,32.9,0
2025-04-01 16:29:00,M015,0.71,57.5,32.2,0
2025-04-01 16:30:00,M001,0.26,59.8,28.6,0
2025-04-01 16:31:00,M012,0.29,60.3,26.8,0
2025-04-01 16:32:00,M010,0.57,34.2,49.8,0
2025-04-01 16:33:00,M001,0.74,63.2,39.2,0
2025-04-01 16:34:00,M012,0.71,33.8,33.3,0
2025-04-01 16:35:00,M008,0.42,58.8,41.1,0
2025-04-01 16:36:00,M005,0.79,50.9,26.0,0
2025-04-01 16:37:00,M019,0.28,32.0,49.5,0
2025-04-01 16:38:00,M019,0.77,45.3,27.7,0
2025-04-01 16:39:00,M005,0.6,57.2,41.3,0
